﻿<?xml version="1.0" encoding="utf-8" standalone="yes"?>
<Gesture Name="caret01" Subject="1" Speed="fast" Number="1" NumPts="32" Millseconds="286" AppName="Gestures" AppVer="3.5.0.0" Date="Monday, March 05, 2007" TimeOfDay="5:03:23 PM">
  <Point X="73" Y="243" T="1265596" />
  <Point X="74" Y="241" T="1265617" />
  <Point X="76" Y="237" T="1265625" />
  <Point X="77" Y="235" T="1265631" />
  <Point X="79" Y="231" T="1265638" />
  <Point X="82" Y="224" T="1265645" />
  <Point X="83" Y="222" T="1265652" />
  <Point X="85" Y="218" T="1265654" />
  <Point X="88" Y="210" T="1265663" />
  <Point X="92" Y="201" T="1265671" />
  <Point X="96" Y="192" T="1265679" />
  <Point X="100" Y="181" T="1265688" />
  <Point X="104" Y="169" T="1265696" />
  <Point X="106" Y="163" T="1265697" />
  <Point X="110" Y="152" T="1265708" />
  <Point X="111" Y="147" T="1265710" />
  <Point X="114" Y="138" T="1265720" />
  <Point X="119" Y="127" T="1265729" />
  <Point X="121" Y="123" T="1265738" />
  <Point X="123" Y="120" T="1265747" />
  <Point X="125" Y="119" T="1265757" />
  <Point X="128" Y="121" T="1265767" />
  <Point X="133" Y="127" T="1265777" />
  <Point X="136" Y="135" T="1265788" />
  <Point X="143" Y="149" T="1265799" />
  <Point X="151" Y="169" T="1265810" />
  <Point X="160" Y="188" T="1265822" />
  <Point X="167" Y="205" T="1265834" />
  <Point X="173" Y="220" T="1265846" />
  <Point X="176" Y="232" T="1265858" />
  <Point X="178" Y="236" T="1265870" />
  <Point X="177" Y="243" T="1265882" />
</Gesture>