﻿<?xml version="1.0" encoding="utf-8" standalone="yes"?>
<Gesture Name="check01" Subject="1" Speed="fast" Number="1" NumPts="27" Millseconds="256" AppName="Gestures" AppVer="3.5.0.0" Date="Monday, March 05, 2007" TimeOfDay="4:56:36 PM">
  <Point X="86" Y="195" T="858617" />
  <Point X="88" Y="199" T="858631" />
  <Point X="89" Y="201" T="858637" />
  <Point X="91" Y="205" T="858643" />
  <Point X="95" Y="209" T="858651" />
  <Point X="96" Y="211" T="858657" />
  <Point X="100" Y="217" T="858665" />
  <Point X="102" Y="219" T="858672" />
  <Point X="105" Y="223" T="858680" />
  <Point X="108" Y="227" T="858688" />
  <Point X="110" Y="230" T="858696" />
  <Point X="112" Y="232" T="858704" />
  <Point X="114" Y="234" T="858720" />
  <Point X="114" Y="230" T="858740" />
  <Point X="113" Y="226" T="858749" />
  <Point X="113" Y="222" T="858759" />
  <Point X="115" Y="211" T="858769" />
  <Point X="117" Y="203" T="858779" />
  <Point X="120" Y="190" T="858789" />
  <Point X="124" Y="180" T="858800" />
  <Point X="127" Y="176" T="858801" />
  <Point X="134" Y="165" T="858813" />
  <Point X="142" Y="155" T="858825" />
  <Point X="150" Y="146" T="858837" />
  <Point X="156" Y="141" T="858850" />
  <Point X="159" Y="138" T="858861" />
  <Point X="161" Y="134" T="858873" />
</Gesture>