﻿<?xml version="1.0" encoding="utf-8" standalone="yes"?>
<Gesture Name="rectangle01" Subject="1" Speed="fast" Number="1" NumPts="67" Millseconds="826" AppName="Gestures" AppVer="3.5.0.0" Date="Monday, March 05, 2007" TimeOfDay="4:57:39 PM">
  <Point X="66" Y="162" T="921029" />
  <Point X="64" Y="165" T="921053" />
  <Point X="64" Y="167" T="921058" />
  <Point X="64" Y="169" T="921064" />
  <Point X="64" Y="172" T="921065" />
  <Point X="64" Y="174" T="921071" />
  <Point X="64" Y="179" T="921078" />
  <Point X="65" Y="182" T="921084" />
  <Point X="65" Y="185" T="921085" />
  <Point X="65" Y="189" T="921092" />
  <Point X="66" Y="192" T="921093" />
  <Point X="66" Y="198" T="921101" />
  <Point X="67" Y="202" T="921109" />
  <Point X="67" Y="205" T="921110" />
  <Point X="67" Y="211" T="921118" />
  <Point X="68" Y="216" T="921127" />
  <Point X="68" Y="219" T="921136" />
  <Point X="68" Y="223" T="921144" />
  <Point X="68" Y="226" T="921154" />
  <Point X="67" Y="228" T="921163" />
  <Point X="67" Y="231" T="921172" />
  <Point X="67" Y="234" T="921174" />
  <Point X="67" Y="237" T="921193" />
  <Point X="67" Y="239" T="921205" />
  <Point X="69" Y="241" T="921245" />
  <Point X="71" Y="240" T="921257" />
  <Point X="74" Y="238" T="921268" />
  <Point X="77" Y="238" T="921280" />
  <Point X="85" Y="237" T="921291" />
  <Point X="93" Y="238" T="921302" />
  <Point X="102" Y="239" T="921314" />
  <Point X="111" Y="237" T="921326" />
  <Point X="122" Y="237" T="921338" />
  <Point X="132" Y="238" T="921351" />
  <Point X="143" Y="239" T="921363" />
  <Point X="153" Y="240" T="921376" />
  <Point X="156" Y="240" T="921377" />
  <Point X="167" Y="241" T="921390" />
  <Point X="176" Y="243" T="921404" />
  <Point X="188" Y="245" T="921418" />
  <Point X="192" Y="245" T="921432" />
  <Point X="199" Y="247" T="921445" />
  <Point X="201" Y="247" T="921460" />
  <Point X="203" Y="246" T="921474" />
  <Point X="203" Y="243" T="921491" />
  <Point X="200" Y="237" T="921505" />
  <Point X="197" Y="229" T="921521" />
  <Point X="196" Y="225" T="921522" />
  <Point X="191" Y="213" T="921538" />
  <Point X="187" Y="199" T="921554" />
  <Point X="183" Y="183" T="921570" />
  <Point X="181" Y="168" T="921586" />
  <Point X="179" Y="157" T="921602" />
  <Point X="178" Y="153" T="921618" />
  <Point X="177" Y="148" T="921634" />
  <Point X="175" Y="147" T="921701" />
  <Point X="173" Y="148" T="921717" />
  <Point X="170" Y="148" T="921734" />
  <Point X="162" Y="146" T="921751" />
  <Point X="151" Y="142" T="921768" />
  <Point X="148" Y="142" T="921769" />
  <Point X="136" Y="140" T="921788" />
  <Point X="133" Y="141" T="921789" />
  <Point X="120" Y="141" T="921809" />
  <Point X="117" Y="141" T="921810" />
  <Point X="101" Y="144" T="921832" />
  <Point X="90" Y="147" T="921855" />
</Gesture>