﻿<?xml version="1.0" encoding="utf-8" standalone="yes"?>
<Gesture Name="right_curly_brace01" Subject="1" Speed="fast" Number="1" NumPts="60" Millseconds="683" AppName="Gestures" AppVer="3.5.0.0" Date="Monday, March 05, 2007" TimeOfDay="5:02:37 PM">
  <Point X="102" Y="139" T="1219767" />
  <Point X="105" Y="138" T="1219803" />
  <Point X="107" Y="138" T="1219812" />
  <Point X="111" Y="138" T="1219820" />
  <Point X="113" Y="137" T="1219826" />
  <Point X="118" Y="137" T="1219833" />
  <Point X="122" Y="137" T="1219841" />
  <Point X="127" Y="137" T="1219849" />
  <Point X="132" Y="138" T="1219857" />
  <Point X="136" Y="140" T="1219865" />
  <Point X="139" Y="141" T="1219873" />
  <Point X="142" Y="143" T="1219881" />
  <Point X="144" Y="145" T="1219888" />
  <Point X="145" Y="148" T="1219901" />
  <Point X="146" Y="151" T="1219912" />
  <Point X="145" Y="154" T="1219921" />
  <Point X="144" Y="156" T="1219930" />
  <Point X="141" Y="159" T="1219939" />
  <Point X="140" Y="161" T="1219941" />
  <Point X="136" Y="163" T="1219951" />
  <Point X="129" Y="168" T="1219961" />
  <Point X="125" Y="171" T="1219970" />
  <Point X="121" Y="172" T="1219979" />
  <Point X="118" Y="174" T="1219989" />
  <Point X="115" Y="175" T="1219999" />
  <Point X="113" Y="176" T="1220009" />
  <Point X="111" Y="178" T="1220019" />
  <Point X="112" Y="180" T="1220031" />
  <Point X="115" Y="182" T="1220043" />
  <Point X="118" Y="185" T="1220054" />
  <Point X="123" Y="188" T="1220065" />
  <Point X="130" Y="189" T="1220077" />
  <Point X="137" Y="190" T="1220089" />
  <Point X="141" Y="191" T="1220101" />
  <Point X="147" Y="190" T="1220113" />
  <Point X="150" Y="188" T="1220125" />
  <Point X="152" Y="187" T="1220137" />
  <Point X="151" Y="184" T="1220151" />
  <Point X="149" Y="183" T="1220164" />
  <Point X="142" Y="183" T="1220177" />
  <Point X="134" Y="184" T="1220191" />
  <Point X="131" Y="185" T="1220192" />
  <Point X="122" Y="191" T="1220208" />
  <Point X="117" Y="196" T="1220222" />
  <Point X="112" Y="200" T="1220237" />
  <Point X="111" Y="202" T="1220252" />
  <Point X="110" Y="204" T="1220266" />
  <Point X="113" Y="208" T="1220281" />
  <Point X="119" Y="211" T="1220296" />
  <Point X="123" Y="212" T="1220311" />
  <Point X="126" Y="214" T="1220312" />
  <Point X="132" Y="219" T="1220329" />
  <Point X="136" Y="226" T="1220345" />
  <Point X="138" Y="234" T="1220362" />
  <Point X="135" Y="241" T="1220378" />
  <Point X="128" Y="247" T="1220394" />
  <Point X="126" Y="249" T="1220395" />
  <Point X="112" Y="255" T="1220415" />
  <Point X="103" Y="257" T="1220433" />
  <Point X="98" Y="258" T="1220450" />
</Gesture>