﻿<?xml version="1.0" encoding="utf-8" standalone="yes"?>
<Gesture Name="triangle01" Subject="1" Speed="fast" Number="1" NumPts="50" Millseconds="526" AppName="Gestures" AppVer="3.5.0.0" Date="Monday, March 05, 2007" TimeOfDay="5:04:11 PM">
  <Point X="134" Y="138" T="1314003" />
  <Point X="133" Y="140" T="1314019" />
  <Point X="132" Y="143" T="1314027" />
  <Point X="129" Y="147" T="1314036" />
  <Point X="128" Y="150" T="1314042" />
  <Point X="126" Y="153" T="1314049" />
  <Point X="123" Y="157" T="1314055" />
  <Point X="121" Y="160" T="1314056" />
  <Point X="117" Y="166" T="1314066" />
  <Point X="112" Y="172" T="1314074" />
  <Point X="106" Y="178" T="1314082" />
  <Point X="101" Y="184" T="1314089" />
  <Point X="95" Y="190" T="1314097" />
  <Point X="90" Y="196" T="1314106" />
  <Point X="85" Y="201" T="1314114" />
  <Point X="83" Y="203" T="1314123" />
  <Point X="80" Y="206" T="1314132" />
  <Point X="77" Y="210" T="1314133" />
  <Point X="75" Y="212" T="1314144" />
  <Point X="73" Y="214" T="1314156" />
  <Point X="76" Y="214" T="1314184" />
  <Point X="78" Y="213" T="1314194" />
  <Point X="82" Y="211" T="1314204" />
  <Point X="88" Y="210" T="1314214" />
  <Point X="96" Y="208" T="1314225" />
  <Point X="106" Y="206" T="1314236" />
  <Point X="114" Y="205" T="1314248" />
  <Point X="117" Y="205" T="1314249" />
  <Point X="129" Y="207" T="1314263" />
  <Point X="141" Y="209" T="1314275" />
  <Point X="152" Y="212" T="1314287" />
  <Point X="156" Y="214" T="1314289" />
  <Point X="169" Y="220" T="1314305" />
  <Point X="177" Y="222" T="1314318" />
  <Point X="185" Y="225" T="1314331" />
  <Point X="190" Y="225" T="1314344" />
  <Point X="192" Y="225" T="1314357" />
  <Point X="192" Y="222" T="1314375" />
  <Point X="189" Y="221" T="1314388" />
  <Point X="181" Y="215" T="1314402" />
  <Point X="179" Y="214" T="1314404" />
  <Point X="170" Y="207" T="1314422" />
  <Point X="167" Y="204" T="1314424" />
  <Point X="159" Y="193" T="1314443" />
  <Point X="157" Y="190" T="1314444" />
  <Point X="146" Y="175" T="1314464" />
  <Point X="138" Y="167" T="1314480" />
  <Point X="133" Y="160" T="1314496" />
  <Point X="127" Y="156" T="1314512" />
  <Point X="124" Y="152" T="1314529" />
</Gesture>