﻿<?xml version="1.0" encoding="utf-8" standalone="yes"?>
<Gesture Name="v01" Subject="1" Speed="fast" Number="1" NumPts="37" Millseconds="350" AppName="Gestures" AppVer="3.5.0.0" Date="Monday, March 05, 2007" TimeOfDay="4:59:31 PM">
  <Point X="83" Y="141" T="1033483" />
  <Point X="84" Y="143" T="1033511" />
  <Point X="85" Y="145" T="1033519" />
  <Point X="85" Y="148" T="1033525" />
  <Point X="88" Y="153" T="1033531" />
  <Point X="89" Y="156" T="1033538" />
  <Point X="92" Y="164" T="1033545" />
  <Point X="96" Y="174" T="1033552" />
  <Point X="100" Y="183" T="1033560" />
  <Point X="104" Y="193" T="1033567" />
  <Point X="105" Y="198" T="1033575" />
  <Point X="107" Y="202" T="1033576" />
  <Point X="111" Y="210" T="1033587" />
  <Point X="112" Y="214" T="1033588" />
  <Point X="114" Y="221" T="1033599" />
  <Point X="115" Y="223" T="1033600" />
  <Point X="118" Y="233" T="1033612" />
  <Point X="119" Y="238" T="1033621" />
  <Point X="119" Y="240" T="1033630" />
  <Point X="120" Y="243" T="1033632" />
  <Point X="121" Y="246" T="1033644" />
  <Point X="123" Y="246" T="1033663" />
  <Point X="124" Y="243" T="1033673" />
  <Point X="125" Y="238" T="1033684" />
  <Point X="126" Y="234" T="1033695" />
  <Point X="126" Y="230" T="1033696" />
  <Point X="129" Y="219" T="1033709" />
  <Point X="131" Y="205" T="1033720" />
  <Point X="134" Y="191" T="1033732" />
  <Point X="138" Y="178" T="1033744" />
  <Point X="143" Y="166" T="1033756" />
  <Point X="148" Y="157" T="1033769" />
  <Point X="152" Y="149" T="1033782" />
  <Point X="155" Y="141" T="1033795" />
  <Point X="158" Y="135" T="1033807" />
  <Point X="159" Y="131" T="1033820" />
  <Point X="160" Y="129" T="1033833" />
</Gesture>