﻿<?xml version="1.0" encoding="utf-8" standalone="yes"?>
<Gesture Name="x01" Subject="1" Speed="fast" Number="1" NumPts="54" Millseconds="570" AppName="Gestures" AppVer="3.5.0.0" Date="Monday, March 05, 2007" TimeOfDay="5:01:05 PM">
  <Point X="88" Y="150" T="1127124" />
  <Point X="87" Y="148" T="1127152" />
  <Point X="87" Y="150" T="1127165" />
  <Point X="87" Y="152" T="1127170" />
  <Point X="88" Y="155" T="1127176" />
  <Point X="89" Y="158" T="1127177" />
  <Point X="92" Y="163" T="1127186" />
  <Point X="93" Y="165" T="1127192" />
  <Point X="95" Y="169" T="1127193" />
  <Point X="99" Y="175" T="1127202" />
  <Point X="104" Y="181" T="1127209" />
  <Point X="106" Y="185" T="1127216" />
  <Point X="108" Y="188" T="1127217" />
  <Point X="113" Y="195" T="1127226" />
  <Point X="118" Y="203" T="1127234" />
  <Point X="123" Y="209" T="1127242" />
  <Point X="127" Y="217" T="1127251" />
  <Point X="132" Y="223" T="1127260" />
  <Point X="137" Y="231" T="1127269" />
  <Point X="140" Y="235" T="1127278" />
  <Point X="141" Y="237" T="1127287" />
  <Point X="144" Y="239" T="1127296" />
  <Point X="146" Y="241" T="1127306" />
  <Point X="148" Y="241" T="1127321" />
  <Point X="148" Y="238" T="1127331" />
  <Point X="147" Y="231" T="1127341" />
  <Point X="147" Y="225" T="1127352" />
  <Point X="145" Y="216" T="1127362" />
  <Point X="143" Y="204" T="1127374" />
  <Point X="142" Y="193" T="1127385" />
  <Point X="142" Y="189" T="1127386" />
  <Point X="142" Y="173" T="1127399" />
  <Point X="142" Y="160" T="1127411" />
  <Point X="143" Y="147" T="1127424" />
  <Point X="144" Y="136" T="1127436" />
  <Point X="145" Y="128" T="1127449" />
  <Point X="146" Y="126" T="1127450" />
  <Point X="146" Y="122" T="1127464" />
  <Point X="146" Y="120" T="1127477" />
  <Point X="143" Y="120" T="1127490" />
  <Point X="140" Y="125" T="1127503" />
  <Point X="134" Y="136" T="1127517" />
  <Point X="129" Y="147" T="1127532" />
  <Point X="121" Y="164" T="1127546" />
  <Point X="115" Y="176" T="1127561" />
  <Point X="113" Y="180" T="1127562" />
  <Point X="106" Y="198" T="1127579" />
  <Point X="98" Y="215" T="1127594" />
  <Point X="92" Y="228" T="1127610" />
  <Point X="88" Y="235" T="1127627" />
  <Point X="85" Y="241" T="1127643" />
  <Point X="84" Y="238" T="1127677" />
  <Point X="84" Y="235" T="1127693" />
  <Point X="84" Y="232" T="1127694" />
</Gesture>